地震の発生日,地震の発生時刻,震央地名,緯度,経度,深さ,Ｍ,最大震度
2026/06/16,19:46:33.8,茨城県南部,36°06.7′N,139°52.5′E,50 km,5.5,震度５弱
2026/05/20,11:46:25.7,沖縄本島近海,27°26.6′N,128°34.5′E,50 km,5.9,震度５強
2026/05/15,20:22:02.0,宮城県沖,38°54.2′N,142°05.8′E,46 km,6.4,震度５弱
2026/04/27,05:23:56.4,十勝地方南部,42°40.2′N,143°04.5′E,83 km,6.2,震度５強
2026/04/20,16:52:58.0,三陸沖,39°50.5′N,143°09.4′E,19 km,7.7,震度５強
2026/04/18,14:54:30.6,長野県北部,36°34.3′N,137°51.3′E,9 km,5.1,震度５弱
2026/04/18,13:20:05.4,長野県北部,36°34.8′N,137°51.0′E,8 km,5.0,震度５強
2026/04/01,10:06:18.2,茨城県南部,36°06.2′N,139°59.5′E,48 km,5.0,震度５弱
2026/01/06,10:28:48.6,島根県東部,35°19.0′N,133°14.0′E,12 km,5.1,震度５弱
2026/01/06,10:18:48.4,島根県東部,35°18.9′N,133°12.8′E,11 km,6.4,震度５強
2025/12/08,23:15:10.1,青森県東方沖,40°58.0′N,142°17.2′E,54 km,7.5,震度６強
2025/11/25,18:01:16.5,熊本県阿蘇地方,32°59.8′N,131°06.4′E,9 km,5.8,震度５強
2025/10/25,01:40:09.7,根室半島南東沖,42°55.9′N,145°37.0′E,40 km,5.8,震度５弱
2025/09/17,21:55:02.3,トカラ列島近海,29°35.1′N,129°43.1′E,1 km,4.7,震度５弱
2025/07/07,00:12:07.8,トカラ列島近海,29°20.9′N,129°28.5′E,22 km,5.1,震度５弱
2025/07/06,14:07:03.9,トカラ列島近海,29°21.8′N,129°30.7′E,23 km,5.5,震度５強
2025/07/06,14:01:21.3,トカラ列島近海,29°20.9′N,129°30.3′E,21 km,4.9,震度５強
2025/07/05,06:29:39.5,トカラ列島近海,29°20.1′N,129°28.2′E,19 km,5.4,震度５強
2025/07/03,16:13:01.3,トカラ列島近海,29°21.4′N,129°31.3′E,20 km,5.5,震度６弱
2025/07/02,15:26:47.6,トカラ列島近海,29°15.4′N,129°03.1′E,1 km,5.6,震度５弱
2025/07/02,04:32:08.3,トカラ列島近海,29°20.1′N,129°29.1′E,16 km,5.1,震度５弱
2025/06/30,18:33:22.8,トカラ列島近海,29°19.6′N,129°26.3′E,22 km,5.3,震度５弱
2025/04/18,20:19:28.6,長野県北部,36°28.1′N,137°54.8′E,13 km,5.1,震度５弱
2025/01/23,02:49:28.2,福島県会津,36°58.6′N,139°22.8′E,4 km,5.2,震度５弱
2025/01/13,21:19:32.8,日向灘,31°49.7′N,131°34.2′E,36 km,6.6,震度５弱
2024/11/26,22:47:02.8,石川県西方沖,37°00.5′N,136°23.8′E,7 km,6.6,震度５弱
2024/08/19,00:50:46.7,茨城県北部,36°43.0′N,140°37.2′E,8 km,5.1,震度５弱
2024/08/09,19:57:38.2,神奈川県西部,35°24.6′N,139°09.6′E,13 km,5.3,震度５弱
2024/08/08,16:42:55.5,日向灘,31°44.2′N,131°43.3′E,31 km,7.1,震度６弱
2024/06/03,06:31:40.3,石川県能登地方,37°28.0′N,137°18.1′E,14 km,6.0,震度５強
2024/04/17,23:14:48.7,豊後水道,33°12.0′N,132°24.5′E,39 km,6.6,震度６弱
2024/04/08,10:25:28.8,大隅半島東方沖,31°35.4′N,131°28.6′E,39 km,5.1,震度５弱
2024/04/02,04:24:39.0,岩手県沿岸北部,40°08.0′N,141°42.7′E,71 km,6.0,震度５弱
2024/03/21,09:08:03.8,茨城県南部,36°02.9′N,139°53.2′E,46 km,5.3,震度５弱
2024/03/15,00:14:36.0,福島県沖,37°04.3′N,141°09.8′E,50 km,5.8,震度５弱
2024/01/16,18:42:15.8,石川県能登地方,37°11.1′N,136°45.1′E,3 km,4.8,震度５弱
2024/01/09,17:59:11.4,佐渡付近,37°54.6′N,137°45.8′E,27 km,6.1,震度５弱
2024/01/06,23:20:23.0,能登半島沖,37°10.3′N,136°38.7′E,5 km,4.3,震度６弱
2024/01/06,05:26:51.6,石川県能登地方,37°13.0′N,136°49.9′E,12 km,5.4,震度５強
2024/01/03,10:54:35.0,石川県能登地方,37°22.4′N,136°52.3′E,13 km,5.6,震度５強
2024/01/03,02:21:48.0,石川県能登地方,37°28.9′N,137°18.2′E,12 km,4.9,震度５強
2024/01/02,17:13:40.8,能登半島沖,37°08.3′N,136°38.0′E,6 km,4.6,震度５強
2024/01/02,10:17:32.6,石川県能登地方,37°13.3′N,136°43.3′E,10 km,5.6,震度５弱
2024/01/01,20:35:40.8,石川県能登地方,37°09.2′N,136°45.4′E,2 km,4.5,震度５弱
2024/01/01,18:39:59.7,能登半島沖,37°06.4′N,136°38.8′E,6 km,4.8,震度５弱
2024/01/01,18:08:18.4,能登半島沖,37°34.7′N,137°22.9′E,14 km,5.8,震度５強
2024/01/01,18:03:50.1,能登半島沖,37°35.5′N,137°24.4′E,14 km,5.5,震度５弱
2024/01/01,17:22:11.4,石川県能登地方,37°27.9′N,137°12.3′E,12 km,4.9,震度５弱
2024/01/01,16:56:48.7,石川県能登地方,37°15.7′N,136°51.4′E,14 km,5.8,震度５強
2024/01/01,16:20:20.0,詳細不明,37°10.0′N,136°41.0′E,0 km,不明,震度５弱
2024/01/01,16:18:42.6,石川県能登地方,37°11.9′N,136°49.1′E,11 km,6.1,震度５強
2024/01/01,16:16:57.9,石川県能登地方,37°25.4′N,137°12.5′E,13 km,5.0,震度５弱
2024/01/01,16:12:30.6,能登半島沖,37°44.2′N,137°24.0′E,8 km,5.9,震度６弱
2024/01/01,16:10:22.5,石川県能登地方,37°29.7′N,137°16.2′E,16 km,7.6,震度７
2024/01/01,16:06:06.1,石川県能登地方,37°30.6′N,137°14.7′E,12 km,5.5,震度５強
2023/06/11,18:54:44.6,苫小牧沖,42°33.5′N,141°54.9′E,136 km,6.2,震度５弱
2023/05/26,19:03:23.9,千葉県東方沖,35°38.4′N,140°40.3′E,50 km,6.2,震度５弱
2023/05/22,16:42:41.2,新島・神津島近海,34°28.5′N,139°13.0′E,11 km,5.3,震度５弱
2023/05/13,16:10:27.7,トカラ列島近海,29°55.6′N,130°00.9′E,12 km,5.1,震度５弱
2023/05/11,04:16:41.9,千葉県南部,35°10.2′N,140°11.1′E,40 km,5.2,震度５強
2023/05/05,21:58:04.1,能登半島沖,37°31.5′N,137°14.1′E,14 km,5.9,震度５強
2023/05/05,14:42:04.1,能登半島沖,37°32.3′N,137°18.2′E,12 km,6.5,震度６強
2023/02/25,22:27:43.6,釧路沖,42°45.3′N,145°04.5′E,63 km,6.0,震度５弱
2022/11/09,17:40:12.5,茨城県南部,36°11.1′N,140°01.6′E,51 km,4.9,震度５強
2022/10/21,15:19:46.3,福島県沖,37°23.9′N,141°18.3′E,29 km,5.0,震度５弱
2022/10/02,00:02:32.8,大隅半島東方沖,31°18.7′N,131°31.3′E,29 km,5.9,震度５弱
2022/08/11,00:53:00.1,上川地方北部,44°50.9′N,142°06.7′E,5 km,5.4,震度５強
2022/08/11,00:35:20.0,上川地方北部,44°51.2′N,142°06.8′E,2 km,5.2,震度５弱
2022/06/26,21:44:48.4,熊本県熊本地方,32°32.4′N,130°41.1′E,9 km,4.7,震度５弱
2022/06/20,10:31:34.4,石川県能登地方,37°31.3′N,137°19.3′E,14 km,5.0,震度５強
2022/06/19,15:08:07.5,石川県能登地方,37°30.9′N,137°16.5′E,13 km,5.4,震度６弱
2022/05/22,12:24:11.3,茨城県沖,36°46.4′N,141°24.2′E,5 km,6.0,震度５弱
2022/04/19,08:16:00.3,茨城県北部,36°52.6′N,140°20.8′E,93 km,5.4,震度５弱
2022/03/18,23:25:16.3,岩手県沖,39°59.4′N,142°00.2′E,18 km,5.6,震度５強
2022/03/16,23:36:32.6,福島県沖,37°41.8′N,141°37.3′E,57 km,7.4,震度６強
2022/03/16,23:34:27.0,福島県沖,37°40.8′N,141°36.3′E,57 km,6.1,震度５弱
2022/01/22,01:08:37.5,日向灘,32°42.9′N,132°04.3′E,45 km,6.6,震度５強
2022/01/04,06:08:51.5,父島近海,27°03.9′N,142°06.8′E,77 km,6.1,震度５強
2021/12/09,11:05:08.0,トカラ列島近海,29°20.5′N,129°27.0′E,14 km,6.1,震度５強
2021/12/03,09:28:28.9,紀伊水道,33°48.0′N,135°08.8′E,18 km,5.4,震度５弱
2021/12/03,06:37:48.5,山梨県東部・富士五湖,35°33.2′N,138°59.4′E,19 km,4.8,震度５弱
2021/10/07,22:41:23.0,千葉県北西部,35°35.4′N,140°06.2′E,75 km,5.9,震度５強
2021/10/06,02:46:02.3,岩手県沖,40°00.4′N,142°15.2′E,56 km,5.9,震度５強
2021/09/16,18:42:30.2,石川県能登地方,37°30.3′N,137°18.0′E,13 km,5.1,震度５弱
2021/05/01,10:27:26.9,宮城県沖,38°10.4′N,141°44.4′E,51 km,6.8,震度５強
2021/03/20,18:09:44.8,宮城県沖,38°28.0′N,141°37.6′E,59 km,6.9,震度５強
2021/03/15,00:25:59.3,和歌山県北部,34°01.7′N,135°14.8′E,4 km,4.6,震度５弱
2021/02/13,23:07:50.5,福島県沖,37°43.7′N,141°41.9′E,55 km,7.3,震度６強
2020/12/21,02:23:21.5,青森県東方沖,40°46.9′N,142°41.5′E,43 km,6.5,震度５弱
2020/12/18,18:09:56.6,新島・神津島近海,34°29.2′N,139°18.2′E,11 km,5.0,震度５弱
2020/12/12,16:18:54.3,岩手県沖,40°05.6′N,142°06.5′E,48 km,5.6,震度５弱
2020/11/22,19:05:53.9,茨城県沖,36°35.4′N,141°06.0′E,45 km,5.7,震度５弱
2020/09/04,09:10:53.3,福井県嶺北,36°06.9′N,136°11.3′E,7 km,5.0,震度５弱
2020/06/25,04:47:44.4,千葉県東方沖,35°33.2′N,141°06.7′E,36 km,6.1,震度５弱
2020/03/13,02:18:46.7,石川県能登地方,37°16.7′N,136°49.4′E,12 km,5.5,震度５強
2019/12/19,15:21:33.4,青森県東方沖,40°30.7′N,142°10.7′E,50 km,5.5,震度５弱
2019/12/12,01:09:49.5,宗谷地方北部,45°06.3′N,141°52.7′E,7 km,4.2,震度５弱
2019/08/04,19:23:03.5,福島県沖,37°42.4′N,141°37.9′E,45 km,6.4,震度５弱
2019/06/18,22:22:19.9,山形県沖,38°36.4′N,139°28.7′E,14 km,6.7,震度６強
2019/05/25,15:20:46.6,千葉県北東部,35°21.4′N,140°17.4′E,38 km,5.1,震度５弱
2019/05/10,08:48:41.6,日向灘,31°48.0′N,131°58.4′E,25 km,6.3,震度５弱
2019/02/21,21:22:40.4,胆振地方中東部,42°45.9′N,142°00.2′E,33 km,5.8,震度６弱
2019/01/26,14:16:33.2,熊本県熊本地方,33°00.9′N,130°34.2′E,10 km,4.3,震度５弱
2019/01/03,18:10:27.6,熊本県熊本地方,33°01.6′N,130°33.2′E,10 km,5.1,震度６弱
2018/10/05,08:58:49.1,胆振地方中東部,42°35.5′N,141°57.9′E,31 km,5.2,震度５弱
2018/09/06,06:11:29.9,胆振地方中東部,42°40.9′N,142°00.7′E,36 km,5.4,震度５弱
2018/09/06,03:07:59.3,胆振地方中東部,42°41.4′N,142°00.4′E,37 km,6.7,震度７
2018/07/07,20:23:48.9,千葉県東方沖,35°09.9′N,140°35.5′E,57 km,6.0,震度５弱
2018/06/18,07:58:34.1,大阪府北部,34°50.6′N,135°37.3′E,13 km,6.1,震度６弱
2018/06/17,15:27:21.8,群馬県南部,36°27.3′N,139°10.3′E,14 km,4.6,震度５弱
2018/05/25,21:13:42.2,長野県北部,36°56.4′N,138°35.3′E,6 km,5.2,震度５強
2018/05/12,10:29:30.0,長野県北部,36°37.9′N,137°54.0′E,11 km,5.2,震度５弱
2018/04/14,04:00:01.8,根室半島南東沖,43°10.5′N,145°44.2′E,53 km,5.4,震度５弱
2018/04/09,01:32:30.8,島根県西部,35°11.0′N,132°35.2′E,12 km,6.1,震度５強
2018/03/01,22:42:26.7,西表島付近,24°14.9′N,123°49.2′E,15 km,5.6,震度５弱
2017/10/06,23:56:40.7,福島県沖,37°05.2′N,141°09.3′E,53 km,5.9,震度５弱
2017/09/08,22:23:18.1,秋田県内陸南部,39°30.0′N,140°25.1′E,9 km,5.2,震度５強
2017/07/11,11:56:35.4,鹿児島湾,31°23.0′N,130°37.2′E,10 km,5.3,震度５強
2017/07/02,00:58:22.7,熊本県阿蘇地方,33°00.2′N,131°14.2′E,11 km,4.5,震度５弱
2017/07/01,23:45:52.9,胆振地方中東部,42°47.2′N,141°51.5′E,27 km,5.1,震度５弱
2017/06/25,07:02:15.3,長野県南部,35°52.0′N,137°35.1′E,7 km,5.6,震度５強
2017/06/20,23:27:41.4,豊後水道,32°52.0′N,132°01.8′E,42 km,5.0,震度５強
2017/02/28,16:49:02.0,福島県沖,37°30.8′N,141°22.0′E,52 km,5.7,震度５弱
2016/12/28,21:38:49.0,茨城県北部,36°43.2′N,140°34.4′E,11 km,6.3,震度６弱
2016/11/22,05:59:46.8,福島県沖,37°21.2′N,141°36.2′E,25 km,7.4,震度５弱
2016/10/21,14:07:22.5,鳥取県中部,35°22.8′N,133°51.3′E,11 km,6.6,震度６弱
2016/09/26,14:19:57.5,沖縄本島近海,27°25.7′N,128°37.2′E,44 km,5.6,震度５弱
2016/08/31,19:46:02.7,熊本県熊本地方,32°43.3′N,130°37.0′E,13 km,5.2,震度５弱
2016/07/27,23:47:17.0,茨城県北部,36°27.0′N,140°36.8′E,57 km,5.4,震度５弱
2016/06/16,14:21:28.2,内浦湾,41°56.9′N,140°59.2′E,11 km,5.3,震度６弱
2016/06/12,22:08:15.0,熊本県熊本地方,32°26.9′N,130°40.8′E,7 km,4.3,震度５弱
2016/05/16,21:23:02.2,茨城県南部,36°02.0′N,139°53.2′E,42 km,5.5,震度５弱
2016/04/29,15:09:34.3,大分県中部,33°15.4′N,131°22.0′E,7 km,4.5,震度５強
2016/04/19,20:47:03.3,熊本県熊本地方,32°34.3′N,130°39.1′E,11 km,5.0,震度５弱
2016/04/19,17:52:13.6,熊本県熊本地方,32°32.1′N,130°38.1′E,10 km,5.5,震度５強
2016/04/18,20:41:57.9,熊本県阿蘇地方,33°00.1′N,131°11.9′E,9 km,5.8,震度５強
2016/04/16,16:02:01.0,熊本県熊本地方,32°41.9′N,130°43.2′E,12 km,5.4,震度５弱
2016/04/16,09:50:06.2,熊本県熊本地方,32°51.1′N,130°49.7′E,15 km,4.5,震度５弱
2016/04/16,09:48:32.6,熊本県熊本地方,32°50.8′N,130°50.1′E,16 km,5.4,震度６弱
2016/04/16,07:23:54.3,熊本県熊本地方,32°47.2′N,130°46.4′E,12 km,4.8,震度５弱
2016/04/16,07:11:37.4,大分県中部,33°16.2′N,131°23.7′E,6 km,5.4,震度５弱
2016/04/16,03:55:53.0,熊本県阿蘇地方,33°01.5′N,131°11.4′E,11 km,5.8,震度６強
2016/04/16,03:09:29.8,熊本県阿蘇地方,32°58.1′N,131°05.2′E,10 km,4.2,震度５弱
2016/04/16,03:03:10.7,熊本県阿蘇地方,32°57.8′N,131°05.2′E,7 km,5.9,震度５強
2016/04/16,01:45:55.4,熊本県熊本地方,32°51.7′N,130°53.9′E,11 km,5.9,震度６弱
2016/04/16,01:44:07.4,熊本県熊本地方,32°45.1′N,130°45.6′E,15 km,5.4,震度５弱
2016/04/16,01:25:05.4,熊本県熊本地方,32°45.2′N,130°45.7′E,12 km,7.3,震度７
2016/04/15,01:53:01.4,熊本県熊本地方,32°42.0′N,130°45.1′E,12 km,4.8,震度５弱
2016/04/15,00:06:21.3,熊本県熊本地方,32°41.7′N,130°45.1′E,11 km,5.0,震度５強
2016/04/15,00:03:46.4,熊本県熊本地方,32°42.0′N,130°46.6′E,7 km,6.4,震度６強
2016/04/14,23:43:41.1,熊本県熊本地方,32°46.0′N,130°49.6′E,14 km,5.1,震度５弱
2016/04/14,22:38:43.5,熊本県熊本地方,32°40.6′N,130°44.1′E,11 km,5.0,震度５弱
2016/04/14,22:07:35.2,熊本県熊本地方,32°46.5′N,130°50.9′E,8 km,5.8,震度６弱
2016/04/14,21:26:34.4,熊本県熊本地方,32°44.5′N,130°48.5′E,11 km,6.5,震度７
2016/01/14,12:25:33.3,浦河沖,41°58.2′N,142°48.0′E,52 km,6.7,震度５弱
2016/01/11,15:26:41.1,青森県三八上北地方,40°23.2′N,141°15.8′E,10 km,4.6,震度５弱
2015/09/12,05:49:07.1,東京湾,35°33.2′N,139°49.7′E,57 km,5.2,震度５弱
2015/07/13,02:52:05.9,大分県南部,32°59.5′N,131°51.3′E,58 km,5.7,震度５強
2015/07/10,03:32:51.2,岩手県内陸北部,40°21.2′N,141°33.5′E,88 km,5.7,震度５弱
2015/06/04,04:34:15.2,網走地方,43°29.5′N,144°03.6′E,0 km,5.0,震度５弱
2015/05/30,20:23:02.2,小笠原諸島西方沖,27°51.6′N,140°40.9′E,682 km,8.1,震度５強
2015/05/25,14:28:10.3,埼玉県北部,36°03.2′N,139°38.3′E,56 km,5.5,震度５弱
2015/05/22,22:28:46.2,奄美大島近海,28°33.7′N,129°37.2′E,21 km,5.1,震度５弱
2015/05/13,06:12:58.4,宮城県沖,38°51.7′N,142°09.0′E,46 km,6.8,震度５強
2015/02/17,13:46:39.3,岩手県沖,40°05.1′N,142°06.7′E,50 km,5.7,震度５強
2015/02/06,10:25:12.4,徳島県南部,33°44.0′N,134°22.2′E,11 km,5.1,震度５強
2014/11/22,22:37:49.1,長野県北部,36°46.7′N,137°54.6′E,3 km,4.5,震度５弱
2014/11/22,22:08:17.9,長野県北部,36°41.5′N,137°53.4′E,5 km,6.7,震度６弱
2014/09/16,12:28:31.5,茨城県南部,36°05.6′N,139°51.8′E,47 km,5.6,震度５弱
2014/09/03,16:24:18.9,栃木県北部,36°52.4′N,139°31.3′E,7 km,5.1,震度５弱
2014/08/10,12:43:18.1,青森県東方沖,41°08.0′N,142°16.7′E,51 km,6.1,震度５弱
2014/07/08,18:05:24.2,胆振地方中東部,42°38.9′N,141°16.0′E,3 km,5.6,震度５弱
2014/07/05,07:42:04.6,岩手県沖,39°40.5′N,142°08.1′E,49 km,5.9,震度５弱
2014/05/05,05:18:25.4,伊豆大島近海,34°57.1′N,139°28.8′E,156 km,6.0,震度５弱
2014/03/14,02:06:50.8,伊予灘,33°41.5′N,131°53.4′E,78 km,6.2,震度５強
2013/12/31,10:03:00.1,茨城県北部,36°41.4′N,140°37.7′E,7 km,5.4,震度５弱
2013/11/10,07:37:51.2,茨城県南部,36°00.1′N,140°05.0′E,64 km,5.5,震度５弱
2013/09/20,02:25:08.3,福島県浜通り,37°03.0′N,140°41.7′E,17 km,5.9,震度５強
2013/08/04,12:28:50.8,宮城県沖,38°09.7′N,141°48.1′E,58 km,6.0,震度５強
2013/05/18,14:47:59.7,福島県沖,37°42.5′N,141°37.7′E,46 km,6.0,震度５強
2013/04/17,21:03:32.4,宮城県沖,38°27.6′N,141°37.1′E,58 km,5.9,震度５弱
2013/04/17,17:57:34.3,三宅島近海,34°02.8′N,139°21.1′E,9 km,6.2,震度５強
2013/04/13,05:33:17.7,淡路島付近,34°25.1′N,134°49.7′E,15 km,6.3,震度６弱
2013/02/25,16:23:53.5,栃木県北部,36°52.4′N,139°24.7′E,3 km,6.3,震度５強
2013/02/02,23:17:35.8,十勝地方南部,42°42.1′N,143°13.6′E,102 km,6.5,震度５強
2013/01/31,23:53:41.7,茨城県北部,36°42.1′N,140°36.2′E,8 km,4.7,震度５弱
2013/01/28,03:41:49.5,茨城県北部,36°34.2′N,140°33.6′E,74 km,4.8,震度５弱
2012/12/07,17:18:30.8,三陸沖,38°01.1′N,143°52.0′E,49 km,7.3,震度５弱
2012/10/25,19:32:26.5,宮城県沖,38°17.3′N,141°51.5′E,48 km,5.6,震度５弱
2012/08/30,04:05:12.2,宮城県沖,38°24.4′N,141°54.8′E,60 km,5.6,震度５強
2012/08/25,23:16:17.4,十勝地方南部,42°19.6′N,143°06.6′E,49 km,6.1,震度５弱
2012/07/10,12:48:57.4,長野県北部,36°49.8′N,138°23.3′E,9 km,5.2,震度５弱
2012/05/24,00:02:26.5,青森県東方沖,41°20.6′N,142°07.4′E,60 km,6.1,震度５強
2012/04/29,19:28:51.5,千葉県北東部,35°42.9′N,140°36.0′E,48 km,5.8,震度５弱
2012/04/01,23:04:24.9,福島県沖,37°04.6′N,141°07.9′E,53 km,5.9,震度５弱
2012/03/27,20:00:42.4,岩手県沖,39°48.3′N,142°20.0′E,21 km,6.6,震度５弱
2012/03/14,21:05:04.3,千葉県東方沖,35°44.8′N,140°55.9′E,15 km,6.1,震度５強
2012/03/10,02:25:30.6,茨城県北部,36°43.0′N,140°36.7′E,7 km,5.4,震度５弱
2012/03/01,07:32:33.1,茨城県沖,36°26.3′N,140°37.5′E,56 km,5.3,震度５弱
2012/02/19,14:54:49.6,茨城県北部,36°45.0′N,140°35.3′E,7 km,5.2,震度５弱
2012/02/08,21:01:37.9,佐渡付近,37°51.9′N,138°10.2′E,14 km,5.7,震度５強
2012/01/28,07:43:14.0,山梨県東部・富士五湖,35°29.3′N,138°58.6′E,18 km,5.4,震度５弱
2012/01/23,20:45:41.3,福島県沖,37°03.5′N,141°11.4′E,52 km,5.1,震度５弱
2011/11/24,19:25:33.7,浦河沖,41°45.0′N,142°53.2′E,43 km,6.2,震度５弱
2011/11/21,19:16:29.5,広島県北部,34°52.3′N,132°53.6′E,12 km,5.4,震度５弱
2011/11/20,10:23:40.7,茨城県北部,36°42.6′N,140°35.2′E,9 km,5.3,震度５強
2011/10/05,23:33:27.5,熊本県熊本地方,32°54.8′N,130°51.0′E,10 km,4.5,震度５強
2011/09/29,19:05:05.6,福島県浜通り,37°07.9′N,140°52.1′E,9 km,5.4,震度５強
2011/09/21,22:30:57.1,茨城県北部,36°44.2′N,140°34.6′E,9 km,5.2,震度５弱
2011/09/07,22:29:43.0,日高地方中部,42°15.6′N,142°35.3′E,10 km,5.1,震度５強
2011/08/19,14:36:31.6,福島県沖,37°38.9′N,141°47.8′E,51 km,6.5,震度５弱
2011/08/12,03:22:04.7,福島県沖,36°58.1′N,141°09.6′E,52 km,6.1,震度５弱
2011/08/01,23:58:11.0,駿河湾,34°42.4′N,138°32.9′E,23 km,6.2,震度５弱
2011/07/31,03:53:50.6,福島県沖,36°54.1′N,141°13.2′E,57 km,6.5,震度５強
2011/07/25,03:51:25.3,福島県沖,37°42.5′N,141°37.6′E,46 km,6.3,震度５弱
2011/07/23,13:34:23.8,宮城県沖,38°52.4′N,142°05.4′E,47 km,6.4,震度５強
2011/07/15,21:01:10.8,茨城県南部,36°09.8′N,140°05.0′E,66 km,5.4,震度５弱
2011/07/05,19:18:43.4,和歌山県北部,33°59.4′N,135°14.0′E,7 km,5.5,震度５強
2011/06/30,08:16:37.0,長野県中部,36°11.3′N,137°57.2′E,4 km,5.4,震度５強
2011/06/23,06:50:50.7,岩手県沖,39°56.8′N,142°35.4′E,36 km,6.9,震度５弱
2011/06/04,01:00:14.1,福島県沖,36°59.4′N,141°12.6′E,30 km,5.5,震度５弱
2011/06/02,11:33:48.0,新潟県中越地方,37°01.0′N,138°42.3′E,6 km,4.7,震度５強
2011/05/25,05:36:13.4,福島県浜通り,37°06.7′N,140°49.8′E,7 km,5.0,震度５弱
2011/05/06,02:04:27.3,福島県浜通り,37°05.9′N,140°48.5′E,6 km,5.2,震度５弱
2011/04/23,00:25:16.1,福島県沖,37°10.1′N,141°11.6′E,21 km,5.4,震度５弱
2011/04/21,22:37:02.1,千葉県東方沖,35°40.5′N,140°41.1′E,46 km,6.0,震度５弱
2011/04/19,04:14:27.2,秋田県内陸南部,39°36.1′N,140°23.2′E,6 km,4.9,震度５弱
2011/04/17,00:56:22.4,新潟県中越地方,37°01.3′N,138°41.3′E,8 km,4.9,震度５弱
2011/04/16,11:19:31.6,茨城県南部,36°20.4′N,139°56.7′E,79 km,5.9,震度５強
2011/04/13,10:07:58.0,福島県浜通り,36°54.9′N,140°42.4′E,5 km,5.7,震度５弱
2011/04/12,14:07:42.2,福島県中通り,37°03.1′N,140°38.6′E,15 km,6.4,震度６弱
2011/04/12,08:08:15.8,千葉県東方沖,35°28.9′N,140°52.0′E,26 km,6.4,震度５弱
2011/04/12,07:26:16.8,長野県北部,36°49.1′N,138°36.3′E,0 km,5.6,震度５弱
2011/04/11,20:42:35.1,福島県浜通り,36°57.9′N,140°38.0′E,11 km,5.9,震度５弱
2011/04/11,17:26:29.0,福島県中通り,37°03.7′N,140°37.3′E,5 km,5.4,震度５弱
2011/04/11,17:17:47.5,福島県浜通り,36°53.4′N,140°42.9′E,9 km,5.7,震度５弱
2011/04/11,17:16:12.0,福島県浜通り,36°56.7′N,140°40.3′E,6 km,7.0,震度６弱
2011/04/09,18:42:20.3,宮城県沖,38°14.8′N,141°48.8′E,58 km,5.4,震度５弱
2011/04/07,23:32:43.4,宮城県沖,38°12.2′N,141°55.2′E,66 km,7.2,震度６強
2011/04/02,16:55:53.6,茨城県南部,36°12.4′N,139°57.7′E,54 km,5.0,震度５弱
2011/04/01,19:49:44.1,秋田県内陸北部,40°15.4′N,140°21.8′E,12 km,5.0,震度５強
2011/03/31,16:15:29.6,宮城県沖,38°52.3′N,142°05.0′E,47 km,6.1,震度５弱
2011/03/28,07:23:57.0,宮城県沖,38°23.0′N,142°20.7′E,32 km,6.5,震度５弱
2011/03/24,17:20:58.6,岩手県沖,39°04.6′N,142°21.4′E,34 km,6.2,震度５弱
2011/03/24,08:56:49.4,茨城県南部,36°10.6′N,140°02.5′E,52 km,4.8,震度５弱
2011/03/23,18:55:20.2,福島県浜通り,37°06.6′N,140°45.6′E,9 km,4.7,震度５強
2011/03/23,07:36:31.3,福島県浜通り,37°03.8′N,140°46.2′E,7 km,5.8,震度５弱
2011/03/23,07:34:56.0,福島県浜通り,37°05.8′N,140°47.7′E,7 km,5.5,震度５強
2011/03/23,07:12:28.7,福島県浜通り,37°05.0′N,140°47.2′E,8 km,6.0,震度５強
2011/03/19,18:56:48.0,茨城県北部,36°47.0′N,140°34.2′E,5 km,6.1,震度５強
2011/03/16,12:52:02.7,千葉県東方沖,35°50.2′N,140°54.3′E,10 km,6.1,震度５弱
2011/03/15,22:31:46.3,静岡県東部,35°18.5′N,138°42.8′E,14 km,6.4,震度６強
2011/03/14,10:02:38.7,茨城県沖,36°27.5′N,141°07.5′E,32 km,6.2,震度５弱
2011/03/13,08:24:46.9,宮城県沖,38°00.7′N,141°56.9′E,15 km,6.2,震度５弱
2011/03/12,23:34:58.7,長野県北部,36°58.0′N,138°34.0′E,5 km,3.7,震度５弱
2011/03/12,22:15:41.7,福島県沖,37°11.8′N,141°25.5′E,40 km,6.2,震度５弱
2011/03/12,05:42:19.8,長野県北部,36°58.3′N,138°35.4′E,4 km,5.3,震度６弱
2011/03/12,04:31:55.6,長野県北部,36°56.9′N,138°34.3′E,1 km,5.9,震度６弱
2011/03/12,03:59:15.6,長野県北部,36°59.1′N,138°35.8′E,8 km,6.7,震度６強
2011/03/11,20:36:39.9,岩手県沖,39°13.8′N,142°34.7′E,24 km,6.7,震度５弱
2011/03/11,17:40:54.5,福島県沖,37°25.4′N,141°16.3′E,30 km,6.0,震度５強
2011/03/11,16:30:15.6,福島県沖,37°21.8′N,141°15.5′E,27 km,5.9,震度５弱
2011/03/11,16:28:59.8,岩手県沖,39°01.3′N,142°18.6′E,17 km,6.6,震度５強
2011/03/11,15:18:12.0,茨城県沖,36°01.0′N,141°01.7′E,41 km,4.7,震度５弱
2011/03/11,15:15:34.2,茨城県沖,36°07.2′N,141°15.1′E,43 km,7.6,震度６強
2011/03/11,15:12:58.6,福島県沖,37°13.6′N,141°38.7′E,39 km,6.7,震度５弱
2011/03/11,15:08:53.4,岩手県沖,39°49.2′N,142°46.0′E,32 km,7.4,震度５弱
2011/03/11,15:08:20.3,静岡県伊豆地方,35°10.7′N,139°01.5′E,6 km,4.6,震度５弱
2011/03/11,15:06:10.7,岩手県沖,39°02.6′N,142°23.8′E,29 km,6.5,震度５弱
2011/03/11,14:58:05.5,福島県沖,37°41.3′N,141°56.0′E,35 km,6.6,震度５弱
2011/03/11,14:54:31.3,福島県沖,37°30.4′N,141°21.1′E,34 km,6.1,震度５弱
2011/03/11,14:51:20.5,福島県沖,37°18.6′N,142°14.2′E,33 km,6.8,震度５弱
2011/03/11,14:46:18.1,三陸沖,38°06.2′N,142°51.6′E,24 km,9.0,震度７
2011/03/09,11:45:12.9,三陸沖,38°19.7′N,143°16.7′E,8 km,7.3,震度５弱
2010/10/03,09:26:52.8,新潟県上越地方,37°08.3′N,138°25.0′E,22 km,4.7,震度５弱
2010/07/23,06:06:31.4,千葉県北東部,35°52.7′N,140°29.1′E,35 km,5.0,震度５弱
2010/06/13,12:32:57.0,福島県沖,37°23.7′N,141°47.7′E,40 km,6.2,震度５弱
2010/03/14,17:08:04.1,福島県沖,37°43.4′N,141°49.0′E,40 km,6.7,震度５弱
2010/02/27,05:31:25.9,沖縄本島近海,25°55.1′N,128°40.8′E,37 km,7.2,震度５弱
2009/12/18,08:45:36.7,静岡県伊豆地方,34°57.6′N,139°07.7′E,5 km,5.1,震度５弱
2009/12/17,23:45:24.5,静岡県伊豆地方,34°57.5′N,139°08.1′E,4 km,5.0,震度５弱
2009/08/13,07:48:51.7,八丈島東方沖,32°52.1′N,140°49.5′E,57 km,6.6,震度５弱
2009/08/11,05:07:05.7,駿河湾,34°47.1′N,138°29.9′E,23 km,6.5,震度６弱
2008/09/11,09:20:51.3,十勝沖,41°46.5′N,144°09.0′E,31 km,7.1,震度５弱
2008/07/24,00:26:19.6,岩手県沿岸北部,39°43.9′N,141°38.1′E,108 km,6.8,震度６弱
2008/07/08,16:42:10.5,沖縄本島近海,27°27.9′N,128°32.8′E,45 km,6.1,震度５弱
2008/07/05,16:49:02.5,茨城県沖,36°38.5′N,140°57.1′E,50 km,5.2,震度５弱
2008/06/14,09:20:11.8,宮城県北部,38°53.1′N,140°40.3′E,7 km,5.7,震度５弱
2008/06/14,08:43:45.3,岩手県内陸南部,39°01.7′N,140°52.8′E,8 km,7.2,震度６強
2008/05/08,01:45:18.7,茨城県沖,36°13.6′N,141°36.4′E,51 km,7.0,震度５弱
2008/01/26,04:33:25.3,石川県能登地方,37°19.1′N,136°46.4′E,11 km,4.8,震度５弱
2007/10/01,02:21:14.6,神奈川県西部,35°13.7′N,139°06.6′E,13 km,4.9,震度５強
2007/08/18,04:14:43.5,千葉県南部,35°20.9′N,140°21.6′E,23 km,4.8,震度５弱
2007/07/16,15:37:40.4,新潟県上中越沖,37°30.2′N,138°38.6′E,23 km,5.8,震度６弱
2007/07/16,10:13:22.5,新潟県上中越沖,37°33.4′N,138°36.5′E,17 km,6.8,震度６強
2007/04/15,12:19:29.5,三重県中部,34°47.4′N,136°24.4′E,16 km,5.4,震度５強
2007/03/28,08:08:14.5,石川県能登地方,37°13.3′N,136°42.5′E,13 km,4.9,震度５弱
2007/03/26,14:46:34.6,能登半島沖,37°09.9′N,136°33.1′E,9 km,4.8,震度５弱
2007/03/25,18:11:45.1,石川県能登地方,37°18.2′N,136°50.3′E,13 km,5.3,震度５弱
2007/03/25,09:41:57.9,能登半島沖,37°13.2′N,136°41.1′E,11 km,6.9,震度６強
2006/06/12,05:01:24.9,大分県西部,33°08.1′N,131°26.1′E,145 km,6.2,震度５弱
2006/04/30,13:10:36.2,伊豆半島東方沖,35°04.4′N,139°06.4′E,6 km,4.5,震度５弱
2006/03/27,11:50:26.3,日向灘,32°36.1′N,132°09.4′E,35 km,5.5,震度５弱
2005/10/19,20:44:42.6,茨城県沖,36°22.9′N,141°02.5′E,48 km,6.3,震度５弱
2005/08/21,11:29:30.1,新潟県中越地方,37°17.9′N,138°42.7′E,17 km,5.0,震度５強
2005/08/16,11:46:25.7,宮城県沖,38°08.9′N,142°16.6′E,42 km,7.2,震度６弱
2005/07/23,16:34:56.3,千葉県北西部,35°34.9′N,140°08.3′E,73 km,6.0,震度５強
2005/06/20,13:03:13.1,新潟県中越地方,37°13.7′N,138°35.4′E,15 km,5.0,震度５弱
2005/06/03,04:16:41.8,熊本県天草・芦北地方,32°29.7′N,130°32.8′E,11 km,4.8,震度５弱
2005/04/20,06:11:26.8,福岡県北西沖,33°40.6′N,130°17.2′E,14 km,5.8,震度５強
2005/04/11,07:22:15.6,千葉県北東部,35°43.6′N,140°37.2′E,52 km,6.1,震度５強
2005/03/20,10:53:40.3,福岡県北西沖,33°44.3′N,130°10.5′E,9 km,7.0,震度６弱
2005/02/16,04:46:36.1,茨城県南部,36°02.3′N,139°53.3′E,46 km,5.3,震度５弱
2005/01/18,23:09:06.6,釧路沖,42°52.5′N,145°00.4′E,50 km,6.4,震度５強
2004/12/28,18:30:36.8,新潟県中越地方,37°19.3′N,138°58.9′E,8 km,5.0,震度５弱
2004/12/14,14:56:10.5,留萌地方南部,44°04.6′N,141°41.9′E,9 km,6.1,震度５強
2004/12/06,23:15:11.8,釧路沖,42°50.8′N,145°20.5′E,46 km,6.9,震度５強
2004/11/29,03:32:14.5,釧路沖,42°56.7′N,145°16.5′E,48 km,7.1,震度５強
2004/11/10,03:43:08.3,新潟県中越地方,37°22.1′N,139°00.0′E,5 km,5.3,震度５弱
2004/11/08,11:15:58.5,新潟県中越地方,37°23.7′N,139°01.9′E,0 km,5.9,震度５強
2004/11/04,08:57:29.5,新潟県中越地方,37°25.8′N,138°54.9′E,18 km,5.2,震度５強
2004/10/27,10:40:50.2,新潟県中越地方,37°17.5′N,139°02.0′E,12 km,6.1,震度６弱
2004/10/25,06:04:57.5,新潟県中越地方,37°19.8′N,138°56.8′E,15 km,5.8,震度５強
2004/10/25,00:28:08.9,新潟県中越地方,37°12.1′N,138°52.2′E,10 km,5.3,震度５弱
2004/10/24,14:21:34.9,新潟県中越地方,37°14.7′N,138°49.5′E,11 km,5.0,震度５強
2004/10/23,19:48:35.9,新潟県中越地方,37°17.8′N,138°50.1′E,14 km,4.4,震度５弱
2004/10/23,19:45:57.1,新潟県中越地方,37°17.7′N,138°52.5′E,12 km,5.7,震度６弱
2004/10/23,19:36:45.9,新潟県中越地方,37°13.0′N,138°49.4′E,11 km,5.3,震度５弱
2004/10/23,18:57:26.2,新潟県中越地方,37°12.3′N,138°51.8′E,8 km,5.3,震度５強
2004/10/23,18:41:44.2,新潟県中越地方,37°14.3′N,138°54.4′E,9 km,4.2,震度５弱
2004/10/23,18:36:50.9,新潟県中越地方,37°15.3′N,138°56.4′E,7 km,5.1,震度５弱
2004/10/23,18:34:05.6,新潟県中越地方,37°18.3′N,138°55.8′E,14 km,6.5,震度６強
2004/10/23,18:11:56.7,新潟県中越地方,37°15.1′N,138°49.7′E,12 km,6.0,震度６強
2004/10/23,18:07:30.9,新潟県中越地方,37°20.8′N,138°51.9′E,15 km,5.7,震度５強
2004/10/23,18:03:12.6,新潟県中越地方,37°21.2′N,138°59.0′E,9 km,6.3,震度５強
2004/10/23,17:59:37.6,新潟県中越地方,37°18.7′N,138°51.3′E,16 km,5.3,震度５強
2004/10/23,17:56:00.3,新潟県中越地方,37°17.5′N,138°52.0′E,13 km,6.8,震度７
2004/10/15,13:08:51.5,与那国島近海,24°36.1′N,122°49.6′E,83 km,6.6,震度５弱
2004/10/06,23:40:40.1,茨城県南部,35°59.3′N,140°05.3′E,66 km,5.7,震度５弱
2004/09/05,23:57:16.8,三重県南東沖,33°08.2′N,137°08.4′E,44 km,7.4,震度５弱
2004/09/05,19:07:07.5,三重県南東沖,33°01.9′N,136°47.8′E,38 km,7.1,震度５弱
2004/08/10,15:13:30.9,岩手県沖,39°40.4′N,142°07.9′E,48 km,5.8,震度５弱
2003/09/26,06:08:01.8,十勝沖,41°42.5′N,143°41.4′E,21 km,7.1,震度６弱
2003/09/26,04:50:07.4,十勝沖,41°46.7′N,144°04.7′E,45 km,8.0,震度６弱
2003/07/28,04:08:05.1,宮城県北部,38°27.5′N,141°08.9′E,14 km,5.1,震度５弱
2003/07/26,16:56:44.5,宮城県中部,38°30.0′N,141°11.3′E,12 km,5.5,震度６弱
2003/07/26,10:22:24.5,宮城県北部,38°27.3′N,141°09.8′E,13 km,5.1,震度５弱
2003/07/26,07:13:31.5,宮城県中部,38°24.3′N,141°10.2′E,12 km,6.4,震度６強
2003/07/26,00:13:08.2,宮城県中部,38°26.0′N,141°09.8′E,12 km,5.6,震度６弱
2003/05/26,18:24:33.4,宮城県沖,38°49.2′N,141°39.0′E,72 km,7.1,震度６弱
2002/11/04,13:36:00.0,日向灘,32°24.7′N,131°52.1′E,35 km,5.9,震度５弱
2002/11/03,12:37:43.6,宮城県沖,38°53.7′N,142°08.3′E,46 km,6.3,震度５弱
2002/10/14,23:12:43.4,青森県東方沖,41°09.1′N,142°16.8′E,53 km,6.1,震度５弱
2002/02/12,22:44:37.9,茨城県沖,36°35.3′N,141°04.9′E,48 km,5.7,震度５弱
2001/12/09,05:29:34.5,奄美大島近海,28°14.9′N,129°29.3′E,36 km,6.0,震度５強
2001/12/08,04:07:39.7,神奈川県西部,35°32.4′N,139°08.7′E,24 km,4.6,震度５弱
2001/12/02,22:01:55.2,岩手県内陸南部,39°23.9′N,141°15.7′E,122 km,6.4,震度５弱
2001/04/03,23:57:12.4,静岡県中部,35°01.4′N,138°05.6′E,30 km,5.3,震度５強
2001/03/26,05:40:53.4,安芸灘,34°07.0′N,132°42.5′E,46 km,5.2,震度５強
2001/03/24,15:27:54.5,安芸灘,34°07.9′N,132°41.6′E,46 km,6.7,震度６弱
2001/02/13,01:19:32.0,新島・神津島近海,34°19.7′N,139°09.5′E,7 km,4.5,震度５弱
2001/01/04,13:18:21.5,新潟県中越地方,36°57.3′N,138°46.1′E,11 km,5.3,震度５弱
2001/01/02,19:53:22.2,新潟県中越地方,37°15.2′N,138°36.0′E,12 km,4.5,震度５弱
2000/11/14,01:11:42.1,西表島付近,24°29.1′N,123°45.2′E,8 km,4.9,震度５弱
2000/10/31,01:42:52.9,三重県南部,34°17.9′N,136°19.2′E,39 km,5.7,震度５弱
2000/10/08,20:51:17.1,島根県東部,35°22.1′N,133°18.6′E,8 km,5.2,震度５弱
2000/10/06,16:21:50.0,鳥取県西部,35°19.4′N,133°19.4′E,6 km,4.1,震度５弱
2000/10/06,13:30:17.9,鳥取県西部,35°16.4′N,133°20.9′E,9 km,7.3,震度６強
2000/10/02,17:04:05.1,トカラ列島近海,29°27.4′N,129°26.0′E,21 km,4.6,震度５弱
2000/10/02,16:44:08.7,トカラ列島近海,29°24.7′N,129°27.5′E,25 km,5.9,震度５強
2000/10/02,16:29:40.3,トカラ列島近海,29°23.7′N,129°20.4′E,22 km,5.3,震度５弱
2000/09/11,07:49:47.1,新島・神津島近海,34°30.9′N,139°13.1′E,11 km,5.4,震度５弱
2000/08/29,11:00:37.4,新島・神津島近海,34°22.9′N,139°13.6′E,10 km,5.1,震度５弱
2000/08/18,12:49:12.6,新島・神津島近海,34°17.6′N,139°10.4′E,7 km,5.1,震度６弱
2000/08/18,10:52:22.6,新島・神津島近海,34°12.0′N,139°14.4′E,12 km,6.1,震度６弱
2000/08/16,02:37:13.9,新島・神津島近海,34°09.7′N,139°15.7′E,15 km,5.1,震度５弱
2000/08/05,13:15:37.4,新島・神津島近海,34°13.9′N,139°15.1′E,15 km,4.8,震度５弱
2000/08/04,04:23:39.8,新島・神津島近海,34°14.2′N,139°08.0′E,13 km,4.8,震度５弱
2000/08/04,01:47:13.9,新島・神津島近海,34°14.2′N,139°13.6′E,12 km,4.6,震度５弱
2000/08/03,22:18:11.0,新島・神津島近海,34°14.6′N,139°14.1′E,13 km,5.4,震度５強
2000/08/03,21:13:12.9,新島・神津島近海,34°13.7′N,139°15.1′E,10 km,5.4,震度５弱
2000/08/03,18:04:45.7,新島・神津島近海,34°11.5′N,139°15.0′E,15 km,5.0,震度５弱
2000/08/03,17:00:20.5,新島・神津島近海,34°12.9′N,139°14.2′E,13 km,5.0,震度５強
2000/08/03,06:42:27.6,新島・神津島近海,34°13.2′N,139°17.1′E,16 km,5.2,震度５弱
2000/07/30,21:48:57.1,三宅島近海,34°01.2′N,139°24.2′E,17 km,5.9,震度５強
2000/07/30,21:25:46.6,三宅島近海,33°58.2′N,139°24.6′E,17 km,6.5,震度６弱
2000/07/30,09:18:02.2,三宅島近海,34°01.8′N,139°24.1′E,11 km,6.0,震度５強
2000/07/28,22:32:44.4,三宅島近海,34°09.3′N,139°19.1′E,14 km,5.0,震度５弱
2000/07/28,13:39:20.4,新島・神津島近海,34°12.5′N,139°12.3′E,16 km,5.0,震度５弱
2000/07/27,10:49:53.3,新島・神津島近海,34°11.4′N,139°17.5′E,13 km,5.8,震度５強
2000/07/24,17:44:15.8,新島・神津島近海,34°22.0′N,139°11.9′E,6 km,4.9,震度５弱
2000/07/24,06:52:45.8,新島・神津島近海,34°11.2′N,139°13.4′E,12 km,5.7,震度５強
2000/07/23,12:15:09.1,新島・神津島近海,34°15.8′N,139°15.1′E,11 km,5.3,震度５弱
2000/07/21,03:39:18.6,茨城県沖,36°31.7′N,141°07.1′E,49 km,6.4,震度５弱
2000/07/20,12:29:53.5,新島・神津島近海,34°13.2′N,139°14.4′E,15 km,4.4,震度５弱
2000/07/20,12:10:26.1,新島・神津島近海,34°12.0′N,139°14.8′E,15 km,5.2,震度５弱
2000/07/20,11:19:15.8,新島・神津島近海,34°12.4′N,139°13.8′E,12 km,5.1,震度５弱
2000/07/20,02:32:21.5,新島・神津島近海,34°17.5′N,139°10.4′E,7 km,5.1,震度５強
2000/07/15,10:30:32.0,新島・神津島近海,34°25.4′N,139°14.5′E,10 km,6.3,震度６弱
2000/07/09,03:57:44.9,新島・神津島近海,34°12.7′N,139°13.8′E,15 km,6.1,震度６弱
2000/07/01,16:01:56.3,新島・神津島近海,34°11.4′N,139°11.6′E,16 km,6.5,震度６弱
2000/06/29,12:11:52.5,新島・神津島近海,34°14.1′N,139°09.6′E,12 km,5.4,震度５弱
2000/06/08,09:32:46.1,熊本県熊本地方,32°41.5′N,130°45.7′E,10 km,5.0,震度５弱
2000/06/07,06:16:43.2,石川県西方沖,36°49.5′N,135°33.7′E,21 km,6.2,震度５弱
2000/06/03,17:54:47.7,千葉県東方沖,35°41.3′N,140°44.7′E,48 km,6.1,震度５弱
2000/04/01,03:12:23.0,胆振地方西部,42°30.2′N,140°49.6′E,7 km,4.9,震度５弱
2000/03/30,18:16:59.9,胆振地方西部,42°32.1′N,140°49.7′E,4 km,4.2,震度５弱
2000/03/30,17:13:28.2,胆振地方西部,42°31.6′N,140°48.8′E,5 km,4.5,震度５弱
1999/08/21,05:33:11.3,和歌山県北部,34°01.8′N,135°28.2′E,66 km,5.6,震度５弱
1999/03/14,09:04:42.4,新島・神津島近海,34°14.2′N,139°08.2′E,9 km,5.1,震度５弱
1999/02/26,14:18:16.7,秋田県沖,39°09.3′N,139°50.2′E,21 km,5.3,震度５弱
1998/09/03,16:58:17.2,岩手県内陸北部,39°48.3′N,140°54.0′E,8 km,6.2,震度６弱
1998/08/12,15:13:03.6,長野県中部,36°14.2′N,137°37.6′E,3 km,5.0,震度５弱
1997/06/25,18:50:12.7,山口県中部,34°26.4′N,131°39.9′E,8 km,6.6,震度５強
1997/05/13,14:38:27.5,鹿児島県薩摩地方,31°56.9′N,130°18.1′E,9 km,6.4,震度６弱
1997/04/05,13:24:50.1,鹿児島県薩摩地方,31°58.2′N,130°24.2′E,12 km,5.2,震度５弱
1997/04/03,04:33:23.3,鹿児島県薩摩地方,31°58.2′N,130°19.3′E,15 km,5.7,震度５強
1997/03/26,17:31:47.9,鹿児島県薩摩地方,31°58.3′N,130°21.5′E,12 km,6.6,震度５強
1997/03/16,14:51:39.1,愛知県東部,34°55.6′N,137°31.5′E,39 km,5.9,震度５強
1997/03/07,16:33:21.9,伊豆半島東方沖,34°58.1′N,139°08.8′E,1 km,5.0,震度５弱
1997/03/05,22:43:28.6,伊豆半島東方沖,34°57.7′N,139°09.3′E,3 km,4.9,震度５弱
1997/03/03,23:09:43.2,伊豆半島東方沖,34°57.6′N,139°09.4′E,0 km,5.5,震度５弱
1997/02/20,16:55:00.3,浦河沖,41°45.5′N,142°52.4′E,49 km,5.9,震度５弱
1996/12/21,10:28:47.7,茨城県南部,36°05.7′N,139°51.6′E,53 km,5.6,震度５弱
1996/12/03,07:17:58.1,日向灘,31°46.1′N,131°40.8′E,38 km,6.7,震度５弱
1996/10/19,23:44:41.4,日向灘,31°47.9′N,132°00.5′E,34 km,6.9,震度５弱
1996/09/11,11:37:14.3,千葉県東方沖,35°38.3′N,141°13.0′E,52 km,6.4,震度５
1996/08/11,08:10:46.6,宮城県北部,38°51.9′N,140°40.3′E,10 km,5.8,震度５
1996/08/11,03:54:12.2,宮城県北部,38°53.8′N,140°39.0′E,9 km,5.6,震度５
1996/08/11,03:12:17.9,秋田県内陸南部,38°54.4′N,140°38.0′E,9 km,6.1,震度５
1996/03/06,23:35:28.7,山梨県東部・富士五湖,35°28.5′N,138°56.8′E,20 km,5.5,震度５
1995/10/19,11:41:33.0,奄美大島近海,28°01.1′N,130°26.3′E,21 km,6.7,震度５
1995/10/18,19:37:23.2,奄美大島近海,28°01.9′N,130°22.8′E,39 km,6.9,震度５
1995/10/06,21:43:40.6,新島・神津島近海,34°09.1′N,139°06.2′E,9 km,5.9,震度５
1995/05/23,19:01:28.9,空知地方中部,43°38.5′N,141°42.9′E,16 km,5.9,震度５
1995/01/17,05:46:51.8,大阪湾,34°35.9′N,135°02.1′E,16 km,7.3,震度７
1995/01/07,07:37:37.1,岩手県沖,40°13.4′N,142°18.3′E,48 km,7.2,震度５
1994/12/28,21:19:20.9,三陸沖,40°25.8′N,143°44.7′E,0 km,7.6,震度６
1994/10/04,22:22:56.9,北海道東方沖,43°22.5′N,147°40.4′E,28 km,8.2,震度６
1994/08/31,18:07:29.0,根室半島南東沖,43°29.6′N,146°03.8′E,84 km,6.3,震度５
1993/08/08,04:42:43.6,北海道南西沖,41°57.5′N,139°52.9′E,24 km,6.3,震度５
1993/07/12,22:17:11.7,北海道南西沖,42°46.9′N,139°10.8′E,35 km,7.8,震度５
1993/05/17,17:39:41.2,西表島付近,24°28.5′N,123°43.1′E,8 km,4.1,震度５
1993/02/07,22:27:43.7,能登半島沖,37°39.4′N,137°17.8′E,25 km,6.6,震度５
1993/01/15,20:06:07.2,釧路沖,42°55.2′N,144°21.2′E,101 km,7.5,震度６
1992/11/18,02:40:47.9,西表島付近,24°29.2′N,123°44.3′E,6 km,4.4,震度５
1992/10/20,16:42:06.8,西表島付近,24°27.0′N,123°44.5′E,4 km,3.7,震度５
1992/10/20,16:18:50.5,西表島付近,24°27.9′N,123°44.4′E,8 km,5.0,震度５
1992/10/18,04:28:10.0,西表島付近,24°23.7′N,123°47.5′E,1 km,不明,震度５
1992/10/15,18:58,詳細不明,24°23.0′N,123°45.0′E,0 km,不明,震度５
1992/10/14,13:15:35.0,西表島付近,24°25.7′N,123°45.6′E,4 km,4.9,震度５
1992/06/15,10:46:34.0,新島・神津島近海,34°09.1′N,139°06.3′E,7 km,5.2,震度５
1992/02/02,04:04:05.7,東京湾,35°13.8′N,139°47.3′E,92 km,5.7,震度５
1989/03/06,23:39:44.3,千葉県東方沖,35°41.8′N,140°42.6′E,56 km,6.0,震度５
1987/12/17,11:08:16.8,千葉県東方沖,35°22.5′N,140°29.6′E,58 km,6.7,震度５
1987/04/30,10:10:30.8,奄美大島近海,28°23.2′N,129°46.5′E,9 km,5.2,震度５
1987/04/23,05:13:23.4,福島県沖,37°05.5′N,141°37.4′E,47 km,6.5,震度５
1987/04/07,09:40:43.4,福島県沖,37°18.2′N,141°51.8′E,44 km,6.6,震度５
1987/03/18,12:36:29.0,日向灘,31°58.4′N,132°03.7′E,48 km,6.6,震度５
1987/02/06,22:16:15.3,福島県沖,36°57.9′N,141°53.6′E,35 km,6.7,震度５
1987/01/14,20:03:49.6,十勝地方南部,42°32.2′N,142°55.7′E,119 km,6.6,震度５
1987/01/09,15:14:46.0,岩手県沿岸北部,39°50.2′N,141°46.6′E,72 km,6.6,震度５
1986/11/22,14:13:22.3,伊豆大島近海,34°43.1′N,139°20.2′E,3 km,3.9,震度５
1986/11/22,11:46:49.2,伊豆大島近海,34°46.5′N,139°16.9′E,3 km,4.0,震度５
1986/11/21,17:12:41.6,伊豆大島近海,34°44.8′N,139°18.7′E,9 km,5.1,震度５
1986/11/21,17:09:46.0,伊豆大島近海,34°42.0′N,139°16.1′E,0 km,5.1,震度５
1985/10/04,21:25:51.6,茨城県南部,35°52.3′N,140°09.3′E,78 km,6.0,震度５
1984/08/06,17:38:10.9,橘湾,32°47.5′N,130°09.6′E,11 km,5.0,震度５
1983/10/03,22:33:35.9,三宅島近海,34°00.4′N,139°30.7′E,15 km,6.2,震度５
1983/05/26,11:59:57.5,秋田県沖,40°21.6′N,139°04.4′E,14 km,7.7,震度５
1982/03/21,11:32:05.7,浦河沖,42°04.0′N,142°36.0′E,40 km,7.1,震度６
1981/01/23,13:58:30.7,浦河沖,42°25.0′N,142°12.0′E,130 km,6.9,震度５
1980/06/29,16:20:07.5,伊豆半島東方沖,34°55.0′N,139°14.0′E,10 km,6.7,震度５
1978/06/12,17:14:25.4,宮城県沖,38°09.0′N,142°10.0′E,40 km,7.4,震度５
1978/02/20,13:36:57.2,宮城県沖,38°45.0′N,142°12.0′E,50 km,6.7,震度５
1978/01/14,12:24:38.6,伊豆大島近海,34°46.0′N,139°15.0′E,0 km,7.0,震度５
1975/01/23,23:19:14.7,熊本県阿蘇地方,33°01.5′N,131°08.9′E,0 km,6.1,震度５
1974/11/09,06:23:21.9,苫小牧沖,42°32.5′N,141°45.4′E,136 km,6.3,震度５
1974/05/09,08:33:27.7,駿河湾,34°37.8′N,138°46.8′E,9 km,6.9,震度５
1973/06/24,11:43:23.5,根室半島南東沖,43°09.8′N,146°37.9′E,52 km,7.1,震度５
1973/06/17,22:33:27.0,釧路沖,42°51.4′N,145°34.4′E,45 km,5.7,震度５
1973/06/17,12:55:02.0,根室半島南東沖,43°03.5′N,145°58.2′E,44 km,7.4,震度５
1972/12/04,19:16:10.3,八丈島東方沖,33°20.2′N,140°56.3′E,54 km,7.2,震度６
1972/02/29,18:23:00.0,八丈島東方沖,33°31.5′N,140°53.1′E,22 km,7.0,震度５
1971/08/02,16:24:56.8,十勝沖,41°18.0′N,143°31.7′E,54 km,7.0,震度５
1970/10/16,14:26:12.9,秋田県内陸南部,39°12.7′N,140°45.2′E,18 km,6.2,震度５
1970/07/26,07:41:10.5,日向灘,32°06.1′N,132°01.6′E,20 km,6.7,震度５
1970/01/21,02:33:04.3,十勝地方南部,42°25.1′N,143°08.9′E,55 km,6.7,震度５
1970/01/01,04:01:51.6,奄美大島近海,28°29.5′N,129°05.7′E,0 km,6.1,震度５
1969/09/09,14:15:35.9,岐阜県美濃中西部,35°46.6′N,137°04.6′E,3 km,6.6,震度５
1968/09/21,22:06:01.7,浦河沖,41°59.0′N,142°45.6′E,54 km,6.8,震度５
1968/08/06,01:17:06.3,豊後水道,33°17.8′N,132°23.5′E,39 km,6.6,震度５
1968/05/16,19:39:01.9,青森県東方沖,41°30.2′N,142°37.6′E,8 km,7.5,震度５
1968/05/16,09:48:54.5,青森県東方沖,40°41.9′N,143°35.7′E,0 km,7.9,震度５
1968/04/01,09:42:04.0,日向灘,32°26.9′N,132°26.2′E,22 km,7.5,震度５
1968/02/21,10:44:52.0,宮崎県南部山沿い,32°02.0′N,130°45.3′E,0 km,6.1,震度５
1968/02/21,08:51:39.7,宮崎県南部山沿い,32°02.9′N,130°47.4′E,0 km,5.7,震度５
1967/10/14,04:48:46.0,長野県北部,36°32.6′N,138°09.3′E,10 km,5.3,震度５
1966/08/03,03:48:34.9,長野県北部,36°30.5′N,138°11.8′E,0 km,5.3,震度５
1966/05/28,14:21:21.7,長野県北部,36°33.6′N,138°12.4′E,0 km,5.3,震度５
1966/04/17,20:28:18.8,長野県北部,36°33.3′N,138°11.3′E,2 km,4.7,震度５
1966/04/17,15:46:55.3,長野県北部,36°33.5′N,138°12.5′E,0 km,4.7,震度５
1966/04/17,10:21:34.8,長野県北部,36°36.8′N,138°13.0′E,10 km,4.7,震度５
1966/04/11,06:06:15.2,長野県北部,36°34.2′N,138°12.1′E,2 km,4.7,震度５
1966/04/05,17:51:17.1,長野県北部,36°33.5′N,138°19.1′E,0 km,5.4,震度５
1966/03/13,01:31:21.4,与那国島近海,24°03.0′N,122°42.9′E,42 km,7.3,震度５
1966/02/07,04:05:13.8,長野県北部,36°32.5′N,138°13.1′E,0 km,4.9,震度５
1966/01/23,20:15:57.3,長野県北部,36°31.7′N,138°13.0′E,3 km,5.1,震度５
1964/06/16,13:01:40.7,新潟県下越沖,38°22.2′N,139°12.7′E,34 km,7.5,震度５
1963/03/27,06:34:39.1,若狭湾,35°48.9′N,135°47.5′E,14 km,6.9,震度５
1962年08月,,日時分不明データ,不明,不明,不明,不明,震度５
1962年08月,,日時分不明データ,不明,不明,不明,不明,震度５
1962年08月,,日時分不明データ,不明,不明,不明,不明,震度５
1962年08月,,日時分不明データ,不明,不明,不明,不明,震度５
1962年08月,,日時分不明データ,不明,不明,不明,不明,震度５
1962年08月,,日時分不明データ,不明,不明,不明,不明,震度５
1962年08月,,日時分不明データ,不明,不明,不明,不明,震度５
1962年08月,,日時分不明データ,不明,不明,不明,不明,震度５
1962年08月,,日時分不明データ,不明,不明,不明,不明,震度５
1962年08月,,日時分不明データ,不明,不明,不明,不明,震度５
1962年08月,,日時分不明データ,不明,不明,不明,不明,震度５
1962年08月,,日時分不明データ,不明,不明,不明,不明,震度５
1962/08/30,22:46:09.2,三宅島近海,34°09.6′N,139°23.3′E,20 km,5.2,震度５
1962/08/26,15:48:55.8,三宅島近海,34°07.2′N,139°24.3′E,33 km,5.9,震度５
1962/04/23,14:58:13.9,十勝沖,42°27.7′N,143°46.0′E,69 km,7.1,震度５
1961/02/27,03:10:49.1,日向灘,31°38.7′N,131°53.2′E,37 km,7.0,震度５
1958/11/07,07:58:12.8,択捉島南東沖,43°46.5′N,148°17.3′E,13 km,8.1,震度５
1958/03/11,09:26:07.2,石垣島近海,24°48.6′N,124°23.4′E,57 km,7.2,震度５
1953/11/26,02:48:58.7,関東東方沖,34°09.4′N,141°24.2′E,39 km,7.4,震度５
1952/03/04,10:22:43.5,十勝沖,41°42.3′N,144°09.0′E,54 km,8.2,震度５
1948/06/28,16:13:28.8,福井県嶺北,36°10.3′N,136°17.4′E,0 km,7.1,震度６
1947/09/27,01:01:59,与那国島近海,24°42.0′N,123°12.0′E,96 km,7.4,震度５
1946/12/21,04:19:04.1,和歌山県南方沖,32°56.1′N,135°50.9′E,24 km,8.0,震度５
1946/01/11,07:15,詳細不明,34°51.0′N,133°02.0′E,0 km,不明,震度５
1945/02/10,13:58:00.2,青森県東方沖,40°56.8′N,142°22.5′E,60 km,7.1,震度５
1945/01/13,03:38:23.2,三河湾,34°42.1′N,137°06.8′E,11 km,6.8,震度５
1944/12/07,13:54:48.1,遠州灘,34°08.1′N,137°19.9′E,7 km,5.8,震度５
1944/12/07,13:35:40.0,三重県南東沖,33°34.4′N,136°10.5′E,40 km,7.9,震度６
1943/09/10,17:36:53.5,鳥取県東部,35°28.3′N,134°11.0′E,0 km,7.2,震度６
1943/03/05,04:50:09.0,鳥取県東部,35°27.9′N,134°14.1′E,9 km,6.2,震度５
1943/03/04,19:13:45.4,鳥取県東部,35°26.5′N,134°06.2′E,5 km,6.2,震度５
1942/09/09,01:07:33.3,茨城県沖,36°38.8′N,141°07.2′E,76 km,6.2,震度５
1941/11/19,01:46:25.9,日向灘,32°07.1′N,132°08.0′E,33 km,7.2,震度５
1941/07/15,23:45:26.8,長野県北部,36°39.4′N,138°11.6′E,5 km,6.1,震度６
1940/10/18,04:20,詳細不明,34°51.0′N,133°02.0′E,0 km,不明,震度５
1939/06/23,02:20,詳細不明,36°44.0′N,139°30.0′E,0 km,不明,震度５
1939/05/01,15:00:07.0,秋田県沖,39°59.8′N,139°36.0′E,0 km,6.7,震度５
1939/05/01,14:58:26.5,秋田県沿岸北部,39°56.7′N,139°47.1′E,0 km,6.8,震度５
1938/11/06,17:53:51.9,福島県沖,37°22.1′N,141°53.5′E,10 km,7.4,震度５
1938/11/05,19:50:14.9,福島県沖,37°25.7′N,141°28.3′E,30 km,7.3,震度５
1938/11/05,17:43:18.4,福島県沖,36°55.5′N,141°55.1′E,43 km,7.5,震度５
1938/09/22,03:52:02.2,茨城県沖,36°26.6′N,141°03.4′E,48 km,6.5,震度５
1938/05/23,16:18:29.7,茨城県沖,36°34.4′N,141°19.4′E,0 km,7.0,震度５
1938/01/12,00:11:59.6,和歌山県南方沖,33°37.4′N,135°18.7′E,47 km,6.8,震度５
1937/10/26,07:50:09.6,天草灘,32°06.1′N,129°49.4′E,5 km,4.2,震度５
1937/07/27,04:56:32.2,宮城県沖,38°07.3′N,142°00.0′E,56 km,7.1,震度５
1937/01/27,16:04:46.0,熊本県熊本地方,32°47.1′N,130°48.8′E,9 km,5.1,震度５
1936/11/03,05:45:57.1,宮城県沖,38°15.7′N,142°03.7′E,61 km,7.4,震度５
1936/02/21,10:07:58.2,奈良県,34°31.3′N,135°41.6′E,18 km,6.4,震度５
1936/01/08,04:33:35.5,京都府南部,35°08.1′N,135°43.4′E,8 km,4.5,震度５
1935/07/19,09:49:46.0,茨城県沖,36°38.2′N,141°34.9′E,30 km,6.9,震度５
1935/07/17,00:00:28.0,山口県北西沖,34°35.1′N,131°01.7′E,20 km,5.5,震度５
1935/07/11,17:24:48.3,静岡県中部,35°01.4′N,138°23.6′E,10 km,6.4,震度６
1933/03/03,02:30:47.6,三陸沖,39°07.5′N,145°07.2′E,0 km,8.1,震度５
1933/02/07,10:27:35.1,熊本県阿蘇地方,32°58.1′N,131°03.6′E,0 km,4.4,震度５
1933/02/06,16:17:03.1,熊本県阿蘇地方,32°57.9′N,131°01.4′E,11 km,4.4,震度５
1932/11/26,13:23:59.7,日高地方中部,42°21.3′N,142°27.9′E,66 km,6.9,震度５
1931/12/26,10:42:53.2,熊本県天草・芦北地方,32°29.6′N,130°31.7′E,17 km,5.8,震度５
1931/12/22,22:07:54.2,熊本県天草・芦北地方,32°30.2′N,130°30.1′E,15 km,5.6,震度５
1931/12/21,14:47:11.4,熊本県天草・芦北地方,32°29.1′N,130°29.2′E,0 km,5.5,震度５
1931/11/02,19:02:56.0,日向灘,31°47.4′N,132°00.1′E,28 km,7.1,震度５
1931/09/21,11:19:59.4,埼玉県北部,36°09.5′N,139°14.8′E,3 km,6.9,震度５
1931/06/17,21:09:40.5,東京都多摩東部,35°45.0′N,139°23.5′E,57 km,6.3,震度５
1930/12/21,21:14:25.9,広島県北部,34°55.3′N,132°49.3′E,13 km,5.9,震度５
1930/11/26,04:02:46.9,静岡県伊豆地方,35°02.5′N,138°58.4′E,1 km,7.3,震度６
1930/10/17,06:35:56.0,石川県西方沖,36°25.5′N,136°15.4′E,10 km,6.3,震度５
1930/06/01,02:58:22.8,茨城県北部,36°25.5′N,140°32.2′E,54 km,6.5,震度５
1930/05/29,04:50,詳細不明,36°44.0′N,139°30.0′E,0 km,不明,震度５
1930/05/24,01:38:10.3,房総半島南方沖,34°10.9′N,139°50.1′E,110 km,6.3,震度５
1930/05/24,01:15,詳細不明,36°44.0′N,139°30.0′E,0 km,不明,震度５
1930/05/17,05:14:06.6,静岡県伊豆地方,34°54.4′N,139°07.6′E,13 km,5.8,震度５
1930/05/09,11:52:33.7,伊豆半島東方沖,34°53.5′N,139°11.3′E,26 km,4.7,震度５
1930/03/27,01:41:31.0,伊豆半島東方沖,34°59.6′N,139°08.0′E,10 km,5.2,震度５
1930/03/22,17:50:35.5,静岡県伊豆地方,35°02.3′N,139°05.8′E,10 km,5.9,震度５
1930/03/15,18:33:44.7,静岡県伊豆地方,34°54.4′N,139°03.6′E,6 km,4.8,震度５
1930/03/09,04:39:36.3,伊豆半島東方沖,34°59.0′N,139°06.5′E,0 km,4.9,震度５
1930/03/03,21:14:20.5,静岡県伊豆地方,34°56.6′N,139°03.5′E,2 km,4.5,震度５
1929/12/22,06:50,詳細不明,36°44.0′N,139°30.0′E,0 km,不明,震度５
1929/07/27,07:48:14.9,神奈川県西部,35°30.8′N,139°05.0′E,37 km,6.3,震度５
1929/07/17,19:49:20.3,茨城県南部,36°12.1′N,139°49.4′E,65 km,5.2,震度５
1929/05/22,01:35:31.5,日向灘,31°44.9′N,131°53.3′E,59 km,6.9,震度５
1929/05/20,23:36:41.7,広島県南西部,34°35.6′N,132°32.1′E,65 km,3.9,震度５
1928/10/24,12:37:52.0,広島県南西部,34°21.7′N,132°49.3′E,3 km,4.0,震度５
1928/09/25,13:58:41.0,伊予灘,33°36.4′N,131°54.8′E,76 km,5.8,震度５
1928/06/03,17:31:04.4,薩摩半島西方沖,31°52.7′N,128°59.1′E,0 km,6.6,震度５
1928/06/01,22:12:22.0,三陸沖,39°19.0′N,143°10.6′E,45 km,6.6,震度５
1928/05/21,01:29:11.2,千葉県北西部,35°40.1′N,140°03.9′E,75 km,6.2,震度５
1928/02/28,01時,分不明データ,不明,不明,不明,不明,震度５
1928/02/20,12:02:30.4,広島県北部,34°59.4′N,133°16.5′E,64 km,5.4,震度５
1928/02/12,05:52,詳細不明,36°44.0′N,139°30.0′E,0 km,不明,震度５
1928/01/01,16:24,詳細不明,36°44.0′N,139°30.0′E,0 km,不明,震度５
1927/10/18,21:44:37.7,天草灘,32°09.7′N,129°45.7′E,9 km,5.3,震度５
1927/10/11,10:12:59.7,茨城県沖,36°34.2′N,140°59.0′E,35 km,5.9,震度５
1927/08/06,06:12:59.6,宮城県沖,37°54.3′N,142°10.1′E,25 km,6.7,震度５
1927/03/12,05:29:57.6,京都府沖,35°44.5′N,134°56.1′E,14 km,5.2,震度５
1927/03/07,18:32,詳細不明,35°32.0′N,134°50.0′E,0 km,不明,震度５
1927/03/07,18:27,詳細不明,35°32.0′N,134°50.0′E,0 km,不明,震度５
1927/03/07,18:27:39.2,京都府北部,35°37.9′N,134°55.8′E,18 km,7.3,震度６
1926/08/03,18:26:13.8,東京都２３区,35°35.4′N,139°43.8′E,57 km,6.3,震度５
1926/07/04,07:18,詳細不明,28°23.0′N,129°30.0′E,0 km,不明,震度５
1926/06/12,04:40,詳細不明,33°19.0′N,130°56.0′E,0 km,不明,震度５
1925/05/23,12:02:22.5,兵庫県北部,35°32.1′N,134°45.9′E,0 km,5.7,震度５
1925/05/23,11:47:36,詳細不明,35°32.0′N,134°50.0′E,0 km,不明,震度５
1925/05/23,11:46:27,詳細不明,35°32.0′N,134°50.0′E,0 km,不明,震度５
1925/05/23,11:38:24.9,兵庫県北部,35°29.9′N,134°55.3′E,0 km,4.6,震度５
1925/05/23,11:09:47.6,兵庫県北部,35°33.8′N,134°50.0′E,0 km,6.8,震度６
1924/08/15,03:02:37.2,茨城県沖,36°24.5′N,141°23.9′E,0 km,7.2,震度５
1924/01/15,06:05:20.7,千葉県東方沖,35°31.3′N,140°30.4′E,0 km,6.0,震度５
1924/01/15,05:50:14.8,神奈川県西部,35°20.4′N,139°03.3′E,0 km,7.3,震度６
1923/09/14,15:32:52.3,茨城県南部,36°13.0′N,139°50.7′E,47 km,5.2,震度５
1923/09/02,22:09:11.1,静岡県伊豆地方,34°56.2′N,138°50.5′E,24 km,6.5,震度５
1923/09/02,18:26:51.3,千葉県東方沖,35°33.7′N,140°41.7′E,27 km,6.9,震度５
1923/09/02,11:46:38.7,千葉県南東沖,34°41.3′N,140°02.6′E,14 km,7.3,震度５
1923/09/02,04:13:27.2,山梨県東部・富士五湖,35°33.2′N,138°58.3′E,6 km,4.6,震度５
1923/09/02,03:04:44,詳細不明,35°40.0′N,138°33.0′E,0 km,不明,震度５
1923/09/01,17:00:45.2,神奈川県西部,35°34.2′N,139°12.6′E,52 km,4.3,震度５
1923/09/01,16:37:59.5,静岡県東部,35°14.0′N,138°46.1′E,0 km,6.6,震度５
1923/09/01,14:22:32.2,静岡県伊豆地方,35°05.1′N,139°02.5′E,0 km,6.6,震度５
1923/09/01,13:31:11.8,静岡県東部,35°21.9′N,138°46.7′E,0 km,6.1,震度５
1923/09/01,13:20:25.7,伊豆大島近海,34°57.6′N,139°33.0′E,0 km,6.2,震度５
1923/09/01,12:47:57.1,山梨県中・西部,35°39.6′N,138°47.5′E,0 km,6.8,震度５
1923/09/01,12:23:53.5,相模湾,35°16.4′N,139°27.6′E,42 km,6.5,震度５
1923/09/01,12:17:28.8,伊豆大島近海,34°44.4′N,139°34.9′E,24 km,6.4,震度５
1923/09/01,12:11,伊豆大島近海,35°00.0′N,139°30.0′E,0 km,5.6,震度５
1923/09/01,12:03,相模湾,35°06.0′N,139°30.0′E,0 km,7.3,震度５
1923/09/01,12:00,詳細不明,35°06.0′N,138°51.0′E,0 km,不明,震度５
1923/09/01,11:58:31.6,神奈川県西部,35°19.8′N,139°08.1′E,23 km,7.9,震度６
1923/07/02,03:19:31,詳細不明,34°14.0′N,135°10.0′E,0 km,不明,震度５
1923/06/02,05:15:07.4,千葉県東方沖,35°44.1′N,141°14.8′E,67 km,6.8,震度５
1923/02/11,00:49:14,詳細不明,34°14.0′N,135°10.0′E,0 km,不明,震度５
1922/12/08,01:50:20.6,橘湾,32°41.6′N,130°02.2′E,19 km,6.9,震度５
1922/04/26,10:11:26.3,神奈川県東部,35°15.5′N,139°44.2′E,88 km,6.8,震度５
1921/02/14,12:00:25.1,山梨県東部・富士五湖,35°25.0′N,138°54.0′E,22 km,5.8,震度５
1920/06/05,13:21:37.5,台湾付近,23°40.7′N,121°38.1′E,50 km,7.4,震度５
